,,,,,,,,,,,,,,,,,,,,,,,,,,,,,,,,,,,,,,,,,,,,,,,,,,,,,,,,,,,,,,,,,,,,,,,,,,,,,,,,,,,,,,,,,,,,,,,,,,,,,,,,,,,,,,,,,,,,,,,,,,,,,,,,,,,,,,,,,,,,,,,,,,,,,,,,,,,,,,,,,,,,,,,,,,,,,,,,,,,,,,,,,,,,,,,,,,,,,,,,,,,
Theme: Economy & Prices,,,,,,,,,,,,,,,,,,,,,,,,,,,,,,,,,,,,,,,,,,,,,,,,,,,,,,,,,,,,,,,,,,,,,,,,,,,,,,,,,,,,,,,,,,,,,,,,,,,,,,,,,,,,,,,,,,,,,,,,,,,,,,,,,,,,,,,,,,,,,,,,,,,,,,,,,,,,,,,,,,,,,,,,,,,,,,,,,,,,,,,,,,,,,,,,,,,,,,,,,,,
Subject: National Accounts,,,,,,,,,,,,,,,,,,,,,,,,,,,,,,,,,,,,,,,,,,,,,,,,,,,,,,,,,,,,,,,,,,,,,,,,,,,,,,,,,,,,,,,,,,,,,,,,,,,,,,,,,,,,,,,,,,,,,,,,,,,,,,,,,,,,,,,,,,,,,,,,,,,,,,,,,,,,,,,,,,,,,,,,,,,,,,,,,,,,,,,,,,,,,,,,,,,,,,,,,,,
Topic: Gross Domestic Product (GDP),,,,,,,,,,,,,,,,,,,,,,,,,,,,,,,,,,,,,,,,,,,,,,,,,,,,,,,,,,,,,,,,,,,,,,,,,,,,,,,,,,,,,,,,,,,,,,,,,,,,,,,,,,,,,,,,,,,,,,,,,,,,,,,,,,,,,,,,,,,,,,,,,,,,,,,,,,,,,,,,,,,,,,,,,,,,,,,,,,,,,,,,,,,,,,,,,,,,,,,,,,,
"Table Title: Gross Domestic Product Deflators (2015 = 100), By Industry (SSIC 2020), Quarterly",,,,,,,,,,,,,,,,,,,,,,,,,,,,,,,,,,,,,,,,,,,,,,,,,,,,,,,,,,,,,,,,,,,,,,,,,,,,,,,,,,,,,,,,,,,,,,,,,,,,,,,,,,,,,,,,,,,,,,,,,,,,,,,,,,,,,,,,,,,,,,,,,,,,,,,,,,,,,,,,,,,,,,,,,,,,,,,,,,,,,,,,,,,,,,,,,,,,,,,,,,,
,,,,,,,,,,,,,,,,,,,,,,,,,,,,,,,,,,,,,,,,,,,,,,,,,,,,,,,,,,,,,,,,,,,,,,,,,,,,,,,,,,,,,,,,,,,,,,,,,,,,,,,,,,,,,,,,,,,,,,,,,,,,,,,,,,,,,,,,,,,,,,,,,,,,,,,,,,,,,,,,,,,,,,,,,,,,,,,,,,,,,,,,,,,,,,,,,,,,,,,,,,,
Data last updated: 21/11/2025,,,,,,,,,,,,,,,,,,,,,,,,,,,,,,,,,,,,,,,,,,,,,,,,,,,,,,,,,,,,,,,,,,,,,,,,,,,,,,,,,,,,,,,,,,,,,,,,,,,,,,,,,,,,,,,,,,,,,,,,,,,,,,,,,,,,,,,,,,,,,,,,,,,,,,,,,,,,,,,,,,,,,,,,,,,,,,,,,,,,,,,,,,,,,,,,,,,,,,,,,,,
Source: SINGAPORE DEPARTMENT OF STATISTICS,,,,,,,,,,,,,,,,,,,,,,,,,,,,,,,,,,,,,,,,,,,,,,,,,,,,,,,,,,,,,,,,,,,,,,,,,,,,,,,,,,,,,,,,,,,,,,,,,,,,,,,,,,,,,,,,,,,,,,,,,,,,,,,,,,,,,,,,,,,,,,,,,,,,,,,,,,,,,,,,,,,,,,,,,,,,,,,,,,,,,,,,,,,,,,,,,,,,,,,,,,,
,,,,,,,,,,,,,,,,,,,,,,,,,,,,,,,,,,,,,,,,,,,,,,,,,,,,,,,,,,,,,,,,,,,,,,,,,,,,,,,,,,,,,,,,,,,,,,,,,,,,,,,,,,,,,,,,,,,,,,,,,,,,,,,,,,,,,,,,,,,,,,,,,,,,,,,,,,,,,,,,,,,,,,,,,,,,,,,,,,,,,,,,,,,,,,,,,,,,,,,,,,,
,,,,,,,,,,,,,,,,,,,,,,,,,,,,,,,,,,,,,,,,,,,,,,,,,,,,,,,,,,,,,,,,,,,,,,,,,,,,,,,,,,,,,,,,,,,,,,,,,,,,,,,,,,,,,,,,,,,,,,,,,,,,,,,,,,,,,,,,,,,,,,,,,,,,,,,,,,,,,,,,,,,,,,,,,,,,,,,,,,,,,,,,,,,,,,,,,,,,,,,,,,,Index
Data Series,2025 3Q ,2025 2Q ,2025 1Q ,2024 4Q ,2024 3Q ,2024 2Q ,2024 1Q ,2023 4Q ,2023 3Q ,2023 2Q ,2023 1Q ,2022 4Q ,2022 3Q ,2022 2Q ,2022 1Q ,2021 4Q ,2021 3Q ,2021 2Q ,2021 1Q ,2020 4Q ,2020 3Q ,2020 2Q ,2020 1Q ,2019 4Q ,2019 3Q ,2019 2Q ,2019 1Q ,2018 4Q ,2018 3Q ,2018 2Q ,2018 1Q ,2017 4Q ,2017 3Q ,2017 2Q ,2017 1Q ,2016 4Q ,2016 3Q ,2016 2Q ,2016 1Q ,2015 4Q ,2015 3Q ,2015 2Q ,2015 1Q ,2014 4Q ,2014 3Q ,2014 2Q ,2014 1Q ,2013 4Q ,2013 3Q ,2013 2Q ,2013 1Q ,2012 4Q ,2012 3Q ,2012 2Q ,2012 1Q ,2011 4Q ,2011 3Q ,2011 2Q ,2011 1Q ,2010 4Q ,2010 3Q ,2010 2Q ,2010 1Q ,2009 4Q ,2009 3Q ,2009 2Q ,2009 1Q ,2008 4Q ,2008 3Q ,2008 2Q ,2008 1Q ,2007 4Q ,2007 3Q ,2007 2Q ,2007 1Q ,2006 4Q ,2006 3Q ,2006 2Q ,2006 1Q ,2005 4Q ,2005 3Q ,2005 2Q ,2005 1Q ,2004 4Q ,2004 3Q ,2004 2Q ,2004 1Q ,2003 4Q ,2003 3Q ,2003 2Q ,2003 1Q ,2002 4Q ,2002 3Q ,2002 2Q ,2002 1Q ,2001 4Q ,2001 3Q ,2001 2Q ,2001 1Q ,2000 4Q ,2000 3Q ,2000 2Q ,2000 1Q ,1999 4Q ,1999 3Q ,1999 2Q ,1999 1Q ,1998 4Q ,1998 3Q ,1998 2Q ,1998 1Q ,1997 4Q ,1997 3Q ,1997 2Q ,1997 1Q ,1996 4Q ,1996 3Q ,1996 2Q ,1996 1Q ,1995 4Q ,1995 3Q ,1995 2Q ,1995 1Q ,1994 4Q ,1994 3Q ,1994 2Q ,1994 1Q ,1993 4Q ,1993 3Q ,1993 2Q ,1993 1Q ,1992 4Q ,1992 3Q ,1992 2Q ,1992 1Q ,1991 4Q ,1991 3Q ,1991 2Q ,1991 1Q ,1990 4Q ,1990 3Q ,1990 2Q ,1990 1Q ,1989 4Q ,1989 3Q ,1989 2Q ,1989 1Q ,1988 4Q ,1988 3Q ,1988 2Q ,1988 1Q ,1987 4Q ,1987 3Q ,1987 2Q ,1987 1Q ,1986 4Q ,1986 3Q ,1986 2Q ,1986 1Q ,1985 4Q ,1985 3Q ,1985 2Q ,1985 1Q ,1984 4Q ,1984 3Q ,1984 2Q ,1984 1Q ,1983 4Q ,1983 3Q ,1983 2Q ,1983 1Q ,1982 4Q ,1982 3Q ,1982 2Q ,1982 1Q ,1981 4Q ,1981 3Q ,1981 2Q ,1981 1Q ,1980 4Q ,1980 3Q ,1980 2Q ,1980 1Q ,1979 4Q ,1979 3Q ,1979 2Q ,1979 1Q ,1978 4Q ,1978 3Q ,1978 2Q ,1978 1Q ,1977 4Q ,1977 3Q ,1977 2Q ,1977 1Q ,1976 4Q ,1976 3Q ,1976 2Q ,1976 1Q ,1975 4Q ,1975 3Q ,1975 2Q ,1975 1Q 
GDP,127.1,130.6,132.6,128.3,128,133.5,130.9,126,124.7,126.9,126.7,129.8,134.1,139.1,128,120.7,117.3,114.4,109.3,105,103.6,101.8,105.8,107.4,107,105.1,107.2,111,107.9,104.8,104.7,106.6,101.3,101.3,104.3,102.9,99.9,98.7,100.5,101.1,99.5,98.6,100.8,98.1,96.6,95.8,97.6,98.1,96.6,96.2,98.3,98.4,96.3,97.4,98.7,98.2,96.1,96.4,98.2,98.4,96.1,93.4,96.5,99.2,94.1,93.2,93.3,92.3,93.3,92.3,91.4,96.4,93.1,93.3,91.4,90.3,88.1,87.8,87.1,88.6,86.1,85.4,86.9,87.5,85.6,82.8,84.6,82.3,80.3,80.7,84.3,83.9,82.3,82.9,84.5,83.6,83.5,84,85.5,88.8,86.5,84.2,83.2,84.7,82.6,82.3,80.4,83.8,85.5,86,87.2,88.6,86.6,86.2,85.5,87.9,85.1,85,85.2,86.4,83.9,83.7,84,84.4,82.3,80.5,80.4,81.3,79.1,77.9,78.2,78.6,76.5,75.5,75.4,77.6,75.9,74.4,74,74.7,72.5,71,70.9,71.7,69.5,67.2,67.6,68.9,66.7,64.8,64.5,64.6,63,62,61.7,63.7,62.1,61.9,62.5,62.5,63.5,63.3,64.1,65.4,64.7,63.6,63.4,64.3,64.7,63.7,62.4,63.6,61.7,60.4,61.4,60.9,59.8,57.8,57.9,57,56.1,55.1,55.1,51.8,51.1,49.3,48.7,48.4,47.5,47.2,47.9,46.6,45.9,45.3,45.7,45.9,45.1,44.6,44.5,45.4,44.2,43.7,43.6
  Goods Producing Industries,111.4,117.2,117.5,101.2,107.6,115.1,114.3,103.2,110.6,111.5,112.8,108.4,119.4,125.4,120.8,101.8,112.1,109.4,101.9,91.5,95.5,93.4,100.2,101.2,106.6,104.2,107.4,116.9,112.6,104.2,99.7,105.4,95.1,95.9,99.3,98.8,99,96.1,94.3,100,101,100.5,98.5,91.9,93.3,90.9,89.5,88.3,89.9,87.1,89.9,91.5,92.3,93.2,92.8,90.6,91.2,91.2,90.4,97.7,96.3,89.6,97.9,110.5,103.1,101.4,97.8,97,102.4,103.1,92.6,103.6,101.2,106.1,105.9,100.8,106.6,110.5,105.7,104.9,107.1,108,111.9,109.6,111.7,106.2,105.3,100.7,97.6,99.4,101,101.4,100,99.1,100.8,99.7,100.6,101.2,102,105.1,102.5,98.6,97.6,94.8,93,94.7,94.8,99.7,102.4,102.7,107.2,104.8,103.6,102.1,103.6,104.1,100.6,101.8,102.5,100.9,97.7,100.4,99.1,97.8,97.1,98.8,98.2,99.3,100.1,99.6,101,97.2,95.6,94.5,93.4,92.8,94.4,93,93.9,86.4,87.4,84.7,82.5,83.9,85.5,84.1,83.3,83.2,85.9,82.2,80.3,77.8,79.2,77.5,76.3,78.6,78.8,78,76.6,73.6,75.2,75.2,75.4,77.4,75.6,75,73.6,73.2,75.4,75.4,72.3,72,72.1,69,71.4,71.3,70.3,66.5,67.7,65.9,66.2,65.4,65.6,58.2,58,54.7,52.7,51.5,51.5,51.3,52.9,49.7,50.8,49.6,50.5,49.9,49.8,48.8,48.3,49.7,48.9,49.1,48.5
    Manufacturing,106,113.3,113.6,93,101.3,110.9,110.1,95.6,104.9,106.7,109.1,105.4,120.2,128,122.7,101.1,114.4,111.5,102.6,90.4,96.1,93.5,100.8,103.2,109.5,106.8,111.1,123,117.4,106.7,101.5,108.8,95.5,96.2,100.9,99.4,99.6,95.7,92.9,100.4,101.6,100.5,97.5,89,91.3,88.4,87.1,85.5,87.7,84.1,88.3,89.8,90.9,91.9,91.9,88.9,89.7,89.4,89.1,98.6,96.9,87.9,97.7,114.2,103.7,100.2,95.9,93.5,103.1,103.6,92.4,107,104.8,111.5,110,104.6,111.8,116.7,110.6,110.2,112.8,114.3,118.9,115.2,118.6,111.8,110.2,104.6,101.2,103.7,105.4,105.3,103.6,102.8,104.1,102.5,103.3,103.7,104.5,109.1,105.8,101.4,99.3,95.9,92.1,93.9,92.1,99.2,102.9,101.9,108.5,104.7,103.2,101.4,104.4,104.9,100.1,102.6,104.6,102,98.4,101.8,99.9,98.8,97.5,99.6,98.2,99.4,100.1,99.3,101.5,97.1,94.9,93.6,92.6,92.2,94.5,93,95.1,85.9,86.8,84.2,82.5,82.9,85.6,84.2,82.8,82.4,86.6,82,79.5,77.1,79.3,76.9,74.7,77,76.9,76.3,74.8,72.6,73.3,74.1,74.1,76.9,74.3,74,70.9,71.4,74.4,74.5,70.9,70.4,70.7,66.6,70.2,70.8,71,66.5,68.2,65.5,66.3,65.8,67.9,58.9,59.2,55.8,52.4,51.2,51.3,51.2,53.6,48.7,50.9,49.4,50.1,49.4,49.7,48.4,47.5,48.2,48.2,48.9,48.4
    Construction,133.6,132.9,133.3,132.8,130.8,129.7,130.2,129.1,126.8,124.6,123.7,121.7,118.2,115.2,114.6,110.9,107.2,104.9,104.1,98.3,98,98.7,97.2,91.9,93.5,93.2,93.5,93.1,92.7,92.4,92.1,92.6,93.2,94.1,95,96.4,97.3,98.4,99.1,99.2,99.8,100.4,100.5,100.6,100.3,99.1,98,98.1,96.9,96,95.4,95.2,95.1,94.9,94.8,95.2,95.3,95,94.6,92.4,93.2,96.1,100.2,101.9,105.8,108.7,109.5,107.8,105.3,102.2,98.2,91.7,88.3,84.7,85.8,85.7,84.8,84.7,84.3,85,85.1,85.1,84.3,85.3,84,82.8,80.8,80.8,81.2,82,82.1,82.2,82.6,82.8,83.1,83.4,83.3,83.4,83.9,84.5,86.9,89.3,92,91.3,93.7,95.6,97.2,98.2,99.5,100.2,100.7,101.2,100.5,100.1,99.2,99.4,98.5,97,95.3,94.4,94.6,94.7,95.2,95,94.9,95.1,96.4,98.7,99.8,101.3,100.3,101,99.4,98.1,96.7,95.9,93.8,92.6,90.2,87.7,84.9,81.8,78.8,85.3,83,81.3,79.7,79.6,77.3,76.5,77.3,76.3,75.8,75.6,74.7,73.6,72.4,73.6,75.1,71.4,73.6,72.8,73.2,74.5,72.6,72.2,72.7,71.5,72.2,72.1,69.8,68.9,68.9,69.3,68.2,66.6,64.1,62.9,63.8,59.7,57.2,54.7,53.6,49.6,48,46.6,46.6,46.8,46.7,46.4,46.1,46.1,45.8,45.8,45.9,45.8,45,44.8,44.8,45.4,44.8,44.5,44.8
    Utilities,162.8,163.9,161.9,171.7,172.5,170.6,164.6,181.2,182.1,179.9,169.9,144,133.5,129.9,129.2,112,104.9,103.5,104.3,109,106.6,113.2,104.3,98.1,103.5,100.1,96.1,100,101,102.8,97.2,96.8,93.8,96.5,89.8,97.9,97.2,94,94.7,98.6,97.7,99.7,104.3,98.8,94.9,95.7,91.4,92.2,93.9,98.2,89.1,97.5,98.7,100.6,93.8,94.3,94.4,99.5,92.5,93.5,90.7,91.2,86.7,90.4,79.3,85.6,76.9,88.5,74.1,88.8,82,81.3,79.7,79.3,92.3,82.5,82.1,79.8,83.5,75,76.6,73.6,77.7,83.3,78.3,79,89.5,86.2,80.3,78,80.5,87.1,84.6,80.9,88.7,89.7,94.2,97.8,101.3,93.3,84.4,70.4,74.9,74.6,83.3,83.7,97.2,90.5,87.3,98.1,95.7,97.4,97.7,95.3,89.1,90,93.5,88.8,82.1,91,80.6,84.2,83.2,77.4,81.9,82.7,86.1,83.7,83.5,80.3,79.2,70.4,77,77.7,75.9,73.8,78.2,76.6,70.9,71.4,83,80.6,74.8,76.6,74.9,74.5,82.7,85.3,83.6,82.8,81.4,74.4,71.4,74.6,82.2,91.7,100,92.8,79.8,70,76.5,73.4,75.1,73.2,77.8,72.6,73.6,71.8,73.5,71.8,72.2,70.3,68.6,64.6,66.5,59.9,55.9,53.7,54.7,68.6,71.5,72.2,58.8,57.6,56.7,52.2,57.7,51.7,50.2,50.5,51.2,50.4,46.8,47.4,49.5,51.2,49.7,49.3,49.6,55,48.5,49.7,44.4
    Other Goods Industries,126.5,123,122.6,125.2,125.8,120.8,121.8,126.5,126.5,121.4,121.4,123.9,121.6,116.7,112.6,111,109.7,105.4,104.8,106.4,107.7,104.9,104,107.3,107.1,103.8,105.8,107.7,106.5,101.7,103.8,104.4,103.9,101.2,103.2,102.9,102.5,99.7,100,99.7,99.7,98.8,101.7,102.4,98.9,97.7,98.9,101.5,98,97.3,97.6,95.6,92.1,93.9,97.2,99.1,95.9,97.3,99.1,101,100,98.7,97,97.5,99.3,99.6,100,103.8,102.3,98.6,101.9,98.6,100.7,96.9,98.1,96.3,96.4,96.8,99.7,100.3,101,101.5,99,100.7,103.7,95.7,95.9,94.6,93.4,97.7,95.7,98.3,100,101,96.5,92.4,90.7,92.6,93.1,91.2,91.3,93.5,94.2,92.1,90,93.3,96,88.3,86,91.6,94.7,98,101.1,101.2,102.3,101.9,103,102.8,97,92.1,92.2,91.6,93.6,95.1,93.9,94.5,96.3,85.9,85.1,85.9,83.5,80.3,78.4,81.8,81.9,89.3,88.2,92.3,91.2,101.3,98.2,94.4,90.4,83.7,83.6,85,85.1,82.2,81.5,82.9,81.8,79.6,79.6,77.4,77.6,82.3,83.6,83.2,87.1,92.6,97.5,94,92.6,93.6,97.5,99.9,111.9,104,103.4,106.1,102.5,110.7,112.3,109.5,117.5,119.8,112.5,107.9,100.9,102,100.5,100.9,95.8,90.2,88,81.1,79.5,80.9,82.2,78.7,80.8,87.2,83.8,77.3,83.4,78.5,78.6,78.3,80.1,84.4,84.4,82.2,83.5
  Services Producing Industries,132.9,135.4,138.4,138.6,135.9,140.6,137.7,135.8,130.5,134.3,133.4,141.4,143.5,149,134.2,131.3,121.7,118.5,114.5,112.5,109.3,107.5,110.9,112.9,110,108.3,110.6,112.1,109.1,107.4,108.9,108.9,104.5,104.5,108.2,106,101,100.7,103,102.6,98.6,97.4,101.4,99.9,97,96.6,100.5,101,98.3,98.5,101.1,100.6,97.9,98.9,102.7,101.9,98.8,99.4,103.2,100.9,98,97.5,99.7,98.7,94.2,94.1,96.2,93.8,92.7,91.5,94.7,98.2,94.4,94,92.3,93.2,87.9,85.4,86.5,89.1,84.6,82.7,83.4,84.8,81.5,79.5,82.3,80.4,78.2,77.3,83.3,82.7,80.8,81.4,83.6,82.1,80.9,80.6,83.4,86.7,83.5,81.2,81.3,85.8,81.9,80.9,79.7,82.7,82.9,82.8,84.4,87,82.6,82,82.2,85.7,82.2,81.4,81.9,85.2,81.8,80.3,80.7,84.1,79.4,77,76.9,80.7,76.2,74.8,74.7,78.3,75.4,74.2,74.9,79.3,76.2,74.6,73.9,78.4,74.5,73,72.9,74.5,70.1,67.6,66.4,70.8,65.9,65,64.5,66.9,63.4,63.1,63,65.5,63.1,63.7,64.7,65.7,66,66.4,68.2,68.9,68.5,67,67.4,69.3,68.8,67.2,66.5,69,65.8,65.2,65.6,64.7,63.4,61.8,61.2,60.8,59.1,57.7,57.9,56,54.8,53.4,53.5,53.8,52.1,51.7,52.2,51.7,50,49.6,49.8,50.5,49.1,48.7,48.9,50,48.3,47.5,47.6
    Wholesale & Retail Trade,162,173.8,161.6,188.9,171.3,189.6,165.5,201.2,179.4,184.8,149.6,191.1,197,217.7,154.2,167.6,155.1,151.1,126.5,131,134,128.3,126.8,132.3,131.2,128.4,123.7,129.7,131.7,127.6,121.7,122.5,119.2,120,122.7,118.5,112.4,110.9,104.4,104.3,100.2,97.4,97.8,98.9,100.3,103.6,107.2,109.6,112.9,112.9,114.4,113.8,114.7,119.1,124.3,126.6,125.6,128.3,126,120.4,116.8,118.5,117.8,122.7,119.5,117.7,109.2,100.3,103.9,100.5,99.3,117.7,115.7,114.9,106.9,111.2,106.8,102,97.3,100.3,98.1,93.7,90.3,86.8,86.1,82.8,80.7,78.8,79.2,81.7,87.1,87.5,89.1,91.6,89.7,85.8,85.2,86.8,86.5,88.5,88,88,88,94.6,93,93.6,92.1,86.8,87,88.2,91.5,88.3,85.9,87.7,89.6,90.7,89.8,91.7,91.8,85.8,85.6,86.6,86.3,84.6,86,87,86.6,87,87.2,87.5,85.3,87.6,87.1,87.6,86.2,85.5,85,86.3,85.5,82.4,82.4,83.7,85.1,74.7,73.7,75.4,65.2,72.2,71.3,73,70.9,73,70.8,71.7,72.7,71.3,70.3,69.5,72.2,70,70.5,70.8,71.2,71.6,72.5,72.5,72.9,75.3,74.9,73.5,73.9,74.9,74.8,75.1,75.4,72.7,72.8,73.6,73.7,74.1,74.1,73.7,73.4,72,72,70.3,68.3,68,67.8,67.2,66.7,66.2,66,65.1,64.8,65.2,64.9,64.5,63.9,63.8,63.4,61.9,62.5
      Wholesale Trade,167.5,180.6,167.2,197.3,177.9,198,171.6,211,187,193,154.2,200.3,206.7,229.5,159.8,174.9,161,156.4,129.5,134.8,138,131.5,129.9,136.1,134.8,131.7,126.3,133.1,135.2,130.6,123.9,124.8,121.4,122.2,125.5,120.5,113.9,112.1,104.9,104.7,100.2,97.1,97.6,98.9,100.4,104.1,108.1,110.9,114.7,114.7,116.2,115.5,116.6,121.7,127.4,129.8,128.9,132.1,129.8,123.8,120.1,122.1,121.6,127.2,123.4,121.7,112.1,102,106.7,103,101.6,123.1,120.8,120.4,111.1,116.3,111,105.4,99.8,103.6,100.9,95.8,91.8,na,na,na,na,na,na,na,na,na,na,na,na,na,na,na,na,na,na,na,na,na,na,na,na,na,na,na,na,na,na,na,na,na,na,na,na,na,na,na,na,na,na,na,na,na,na,na,na,na,na,na,na,na,na,na,na,na,na,na,na,na,na,na,na,na,na,na,na,na,na,na,na,na,na,na,na,na,na,na,na,na,na,na,na,na,na,na,na,na,na,na,na,na,na,na,na,na,na,na,na,na,na,na,na,na,na,na,na,na,na,na,na,na,na,na,na,na,na,na,na
      Retail Trade,115.4,114.8,113.1,114.2,114.2,115,112.4,113.4,111.9,111.9,110.7,110.4,110.3,110.6,106,105.1,102.8,105.2,102.7,100.3,101.3,104.1,102.3,101.6,101.5,102.5,103.5,102.9,103.8,104.2,104.4,104.1,102.5,102.5,101.8,101.7,100.6,101,101,100.7,100.2,99.9,99.2,99.5,99.9,100.1,99.7,99.1,98.5,98.6,99.4,99.4,99,98.1,99.3,100.2,99.3,98.1,95.8,93.3,90.6,89.7,87.9,88.4,88,86.2,85.1,83,80.9,79.3,79,78.7,77.4,75.5,74.9,74.5,74.7,74.9,75.4,74.6,74.3,73.8,73.9,na,na,na,na,na,na,na,na,na,na,na,na,na,na,na,na,na,na,na,na,na,na,na,na,na,na,na,na,na,na,na,na,na,na,na,na,na,na,na,na,na,na,na,na,na,na,na,na,na,na,na,na,na,na,na,na,na,na,na,na,na,na,na,na,na,na,na,na,na,na,na,na,na,na,na,na,na,na,na,na,na,na,na,na,na,na,na,na,na,na,na,na,na,na,na,na,na,na,na,na,na,na,na,na,na,na,na,na,na,na,na,na,na,na,na,na,na,na,na,na
    Transportation & Storage,157.9,165.4,178.8,143.5,183.7,195.1,182.1,107,128.8,160.3,186.1,205.9,250.5,279.6,255.5,208.5,178.2,157,142.6,122.4,112.1,107.5,90.1,101.5,94.7,93.6,91.1,99,94.7,91.3,90.9,100.7,97,97.7,92.7,92.7,86.2,88.8,91.8,102.2,96.7,98,103.2,102.5,91.6,88.1,88.4,91.4,83.2,86.1,84.9,88.2,83.2,85.2,84.3,85.3,79.1,80.8,88,99.8,99.3,98.7,100.3,94.3,83.4,86.4,94.4,101,89.7,93.4,100.1,101.9,97.8,96.1,96.5,96.5,87.2,86.2,93.8,98.6,92.2,91.9,94.9,97.4,91.6,91.3,95.1,95.9,86.6,78.8,87.5,77.2,72.6,75.7,79.2,83.4,77.9,78.5,83.4,90.4,87.2,85.2,85.8,85.1,81.6,80.7,79.2,80.7,79.4,80.7,80.9,90.2,83,85.3,83.6,88.8,83.7,85,85.2,88.7,86.6,87,87.5,90,86.5,84.3,86.7,86.4,83.6,82.3,82.4,81.6,82.5,80.5,83,87.9,86.4,86.8,80.9,80.9,78.1,78.6,79.4,81,80.3,77.2,76.2,76.4,76.8,72.9,72.1,73.6,70.5,68.9,69,68.9,68.2,69.1,66.2,70.3,73.1,72.1,72.1,69.8,69.6,70.9,70.8,72.1,74.2,73.8,71.2,70.1,69.2,68,69,71.1,69.9,69.1,68.6,68.2,67,64.6,67.5,59.6,61.4,60.6,63.3,63.1,63.1,61.9,65,59.3,58.6,57.2,58.9,56.7,57,56.2,57.5,54.9,55,53.9,54.5
    Accommodation & Food Services,136.6,133.2,133.6,135.8,137.3,132.7,133.4,131.6,135.5,128.7,127.3,128.3,122.2,112.3,98.3,95.8,92.4,92.5,92.7,92.8,86.9,83,106,106.7,106.6,104.3,104.4,104.1,104,102.8,103.1,102.5,102.8,101.4,101.6,101.7,102.2,100.5,100.7,100.7,100.8,99.2,99.3,99.3,99.2,98.2,98.3,97.4,96.7,95.6,94.9,96.5,96.3,95.5,94.7,93.8,93.1,91.7,90.3,89.3,88.9,86,83.5,82.4,81.7,81.2,82.4,83.3,86.3,85.1,84.1,80.8,79.2,78,75.8,72.9,73.1,72.5,72.6,71.1,70.8,71.8,71.9,74.3,74.7,75.8,76.1,74.3,73.3,76.6,74.4,72.3,72,72.1,71.2,71.3,71,71.3,70.7,69.1,69,69.6,70.3,71,71.2,71.4,70.8,72.8,72.5,72.2,72.7,73.1,72.4,71.4,70.8,71.3,71.2,70.7,70.5,72.1,71.5,70.7,69.5,70.4,68.7,68.5,67.7,68.9,67.7,67.6,67.5,67.2,66.9,67.3,67.4,68.7,68.8,68.5,67.3,67.6,66.8,66.6,65.3,64.6,62.4,58.9,56.3,56.6,56.5,56,54.6,55.1,56.4,55.6,55.8,56.5,56.8,57.4,56.9,60.7,60.3,61.8,61.8,61.6,61.1,62.2,62.9,62.2,61.8,63.1,63.5,61.4,61.2,62.4,62.6,58.6,58.4,56.6,55.7,53.9,53.1,52.6,52,48.4,46.6,46.6,46.2,43.4,42.6,42.7,42.7,40.6,39.5,40.1,39.9,38.6,38.1,39.2,39.6,38.6,38.1,38.3,38.1
      Accommodation,155,148.1,151,154.4,158.5,148.7,152,149.5,159.2,145.2,144.1,146.1,134.7,116.4,84.8,79.3,72.1,72.9,73.4,73.4,64.4,60.8,103,106.1,106.2,101.5,102.7,102.9,102.9,100.8,102,101.2,102.2,99.2,100.3,100.4,102,98.5,99.9,100.8,101.3,98.3,99.4,100.5,101.1,99.1,100.3,98.9,98.2,96.9,96.2,100.4,100.5,99.2,98.1,96.4,95.8,94,91.8,89.1,88.6,85,79.7,77.1,76.5,75.8,81.5,88.9,98.5,97.8,95,85.8,81.8,79.9,74.6,69.7,69.9,67.7,66.4,62.3,59.6,60,57.9,na,na,na,na,na,na,na,na,na,na,na,na,na,na,na,na,na,na,na,na,na,na,na,na,na,na,na,na,na,na,na,na,na,na,na,na,na,na,na,na,na,na,na,na,na,na,na,na,na,na,na,na,na,na,na,na,na,na,na,na,na,na,na,na,na,na,na,na,na,na,na,na,na,na,na,na,na,na,na,na,na,na,na,na,na,na,na,na,na,na,na,na,na,na,na,na,na,na,na,na,na,na,na,na,na,na,na,na,na,na,na,na,na,na,na,na,na,na,na,na
      Food & Beverage Services,127.6,126.9,125.2,126.7,125.9,125.5,124,122.7,121.5,120.8,119.3,117.5,116.1,113.8,111.5,110.4,109.9,109.6,109.3,109.1,108.8,109.2,108.1,107.1,106.8,106.3,105.7,104.9,104.7,104.3,103.8,103.4,103.1,102.9,102.5,102.6,102.3,102,101.3,100.7,100.4,99.8,99.1,98.4,97.8,97.6,96.9,96.4,95.6,94.7,94.2,93.7,93.3,92.8,92.3,91.9,91.1,90.2,89.4,89.4,89.2,87.3,86.7,87.6,86.5,84.9,83,80.1,78.5,77,77.3,77.9,77.9,77.2,77.5,76,76,76.8,78.1,78.7,79.9,81.6,83.5,na,na,na,na,na,na,na,na,na,na,na,na,na,na,na,na,na,na,na,na,na,na,na,na,na,na,na,na,na,na,na,na,na,na,na,na,na,na,na,na,na,na,na,na,na,na,na,na,na,na,na,na,na,na,na,na,na,na,na,na,na,na,na,na,na,na,na,na,na,na,na,na,na,na,na,na,na,na,na,na,na,na,na,na,na,na,na,na,na,na,na,na,na,na,na,na,na,na,na,na,na,na,na,na,na,na,na,na,na,na,na,na,na,na,na,na,na,na,na,na
    Information & Communications,112,114.3,118.7,114.8,110.4,112.8,115,113.5,109.1,110.9,112.8,110.3,106.2,109.7,111.6,108.7,103.8,107.8,107,106.9,103.7,106.1,106.2,106.4,102.6,104,105.4,105.8,102,106.1,104.2,105.1,102.3,105.1,105.8,106.9,101.7,103.7,102.9,102.3,98.5,98.9,100.3,100.5,98.7,99.3,100.8,102.6,98.2,99,99.9,101.8,97.9,98.6,99.7,100.4,96,98.4,98.5,99.6,92.3,94.9,95.3,95.8,93.6,93.8,96.3,94.8,90.8,90,92.3,93.1,94.6,93.7,90.7,91.8,92.8,91.2,89.9,92.4,90.7,88.8,90.5,91.1,88.5,89.8,87.9,93,91.5,91.3,87.9,94.1,92,90,88.7,100.1,102.6,100.7,94.9,100.8,99.9,98.6,89.9,109.8,106.4,104.6,96.6,110.1,107.1,108.1,101.2,118.3,118.2,121,111.4,131.2,126.6,126.3,119.2,134.4,132.7,130.1,127.6,129.7,135.3,137.3,124.7,140.5,134.8,136.5,126.6,134.8,132.3,133.5,131.2,140.5,137.6,134.1,124.9,135.8,129.5,127.8,126.6,129.1,126.3,127.2,120.8,124.6,116.1,115.8,114.6,116.3,118.2,119.2,108,116.3,111.1,116.5,115.8,117.3,125.3,129.3,125.3,131.4,134.9,134.1,124.7,127.3,131.4,137.4,127.7,147.6,141.2,146.5,148.5,159.2,171.5,168.3,166,173.1,164.3,172.1,172.3,169.3,171.4,171.5,167.1,181.8,179.5,174.5,172.1,170.5,169.5,169.3,170,173.2,174.1,174.7,174.1,172.9,173.4,173.3,171.5
    Finance & Insurance,127.7,125.7,133.7,125.3,125.1,124.3,131.1,122.2,124.1,124.7,132.8,120.6,118,111.1,108,106,103.9,102.4,104.9,105.1,103.5,103.7,109.8,110.4,110.5,108.9,111.4,109.6,108.4,108.7,108.9,105.6,102.9,104,105.9,102.3,100.6,101.3,103.8,101.5,99.9,98.8,99.8,97,96,95.7,97.1,97.1,97.4,98.7,99.7,99.2,100.5,102.2,104.5,100.1,99.3,100.7,103.5,100.6,104,105,108.5,109,108.3,109.8,110.4,99.4,108.6,106.4,107.2,105.7,104.6,108.4,108.6,103.6,100.7,98.4,96,98.2,95,96,91,97.7,95.9,92.1,93.8,88.8,92,91.8,100.3,105.3,104.7,109.4,109,98,98.1,102.5,107,107,107.1,105.7,103.5,105.9,102.6,104.6,96.2,106.4,119.4,114.8,113.7,99.4,95.6,93,93.2,86.7,86.4,85.8,88.9,91.7,90.7,91,97.1,91.2,87.2,84.1,86.6,89.7,84.1,83.8,88,86.5,86.4,88,93.8,89.6,92,90.5,95.2,103,101.6,100.5,98.6,99.2,94.1,91.9,95.8,97.4,96.5,97.5,97.3,96.1,95.6,93.4,92.1,96.1,93.2,93.6,96.4,95.6,95.2,101.8,103.1,100.3,101.4,102.4,103.9,102.6,102.8,103.6,102.1,104.8,103.7,103.9,105.1,92.8,89.7,88.2,85.3,87.8,87.9,86.6,83.6,81.6,80.3,78.4,77.5,75.7,71.7,73,74.4,73.3,71.6,70.3,71.3,69.9,69.7,70.2,69.9,70.5,69.9,70,70.2
"    Real Estate, Professional Services And Administrative & Support Services",112.2,112.4,112.8,112.7,108.8,109.7,109.5,109.5,105.8,107.4,107.1,108.1,104.8,105.5,107.2,106.3,101.8,102.2,102.9,103.8,99.8,100.3,103.9,104.9,101.2,102.2,104.1,104,100.4,100.7,102,101.6,97.9,98.7,101,101.9,98.1,99.6,101.1,101.1,98.5,99.3,101.1,100.7,98,98.8,100,100.1,97,97.2,97.7,97.2,94.6,94.2,94.7,94,92.7,92.2,91.8,91,88.8,86.9,84.9,83.3,80.3,79,81.5,84.9,83.9,83.8,84.1,83,79.1,77,75.7,74.7,71.9,71.2,71.3,72.4,69.3,67.9,68.3,69.4,68,67.5,67.8,67.9,66.6,67.3,67.9,68.3,68.2,68.6,69.3,68.1,69,69.6,70.9,72.6,70.3,68.5,68.5,69.1,67,65.3,65.7,64.5,64.6,68.1,70.5,72.5,72.4,73.4,74.1,73.5,73.4,73.5,72.7,72.8,70.4,68.4,66.5,65.8,63,60.8,58.7,56.9,55.3,55.2,53.3,53.4,52.5,52.2,50.5,51.9,50.6,50,48.6,49.8,48.6,47.3,46.5,44.9,44.1,41.5,40.6,39,37.7,36.9,36.8,37.6,33.9,33.6,34.6,35.5,36.4,37.5,38.1,32.3,35.2,36.8,42.8,41.2,42.7,41.2,41.9,40.8,41.2,39.5,39.5,38.4,37.1,36.2,36.4,36.4,37.1,35.5,35.7,27.5,27.7,26.6,26.9,23.1,23,22.7,23.3,21.7,21.6,21.6,21.7,20.2,19.8,20.6,20.4,20.3,19.6,19.4,19.4,18.8,18.2,18.3,18.5
      Real Estate,95.3,93.8,89.3,92.3,92.6,91.8,87.1,90.2,89.3,88.7,87.1,88.1,89.1,88.6,88.5,88.8,85.9,87.4,86.8,90.6,90.8,88.4,92.5,99,99.1,98.7,98.1,97.8,96.3,96,94.8,93.5,92.8,92.4,92.6,94.3,94.4,95.7,97.4,98.7,99.3,100.8,101.3,102.6,102.5,102.8,103,103.4,103.3,102.4,101.8,100.7,98.9,98.4,97.5,97.7,96.5,95.2,93.1,89.1,88.6,84.6,81.4,77.5,75.3,71.2,74.3,81.5,84.5,85.3,83.8,82.2,78.3,73.4,68.9,66.4,64.1,63.3,62.9,63.1,61.3,58.5,58.2,na,na,na,na,na,na,na,na,na,na,na,na,na,na,na,na,na,na,na,na,na,na,na,na,na,na,na,na,na,na,na,na,na,na,na,na,na,na,na,na,na,na,na,na,na,na,na,na,na,na,na,na,na,na,na,na,na,na,na,na,na,na,na,na,na,na,na,na,na,na,na,na,na,na,na,na,na,na,na,na,na,na,na,na,na,na,na,na,na,na,na,na,na,na,na,na,na,na,na,na,na,na,na,na,na,na,na,na,na,na,na,na,na,na,na,na,na,na,na,na
      Professional Services,123.8,125.3,123.9,122.3,119.6,122,119.4,118.6,116.8,120.2,115.6,114.4,112.3,113.1,111.9,111.5,109.8,109.5,106,107.6,104.5,106.1,105,104.9,103,104.2,102.5,102.3,101.4,102.2,100.2,100.8,99.5,100.7,100.7,102.5,99.7,101.6,101.1,101,99.9,100.1,98.9,98.8,97.2,98.6,97.2,98.3,95.7,96.8,94.8,94.5,93,93.7,93,91.9,92.2,92.5,90.9,88.8,86.9,87,85.7,85,81.3,81.5,83.3,85.2,83.2,82.4,83.1,80.5,76.5,75.9,75.9,75.6,72.6,71.5,71.4,73,69.6,68.8,69.6,na,na,na,na,na,na,na,na,na,na,na,na,na,na,na,na,na,na,na,na,na,na,na,na,na,na,na,na,na,na,na,na,na,na,na,na,na,na,na,na,na,na,na,na,na,na,na,na,na,na,na,na,na,na,na,na,na,na,na,na,na,na,na,na,na,na,na,na,na,na,na,na,na,na,na,na,na,na,na,na,na,na,na,na,na,na,na,na,na,na,na,na,na,na,na,na,na,na,na,na,na,na,na,na,na,na,na,na,na,na,na,na,na,na,na,na,na,na,na,na
      Administrative & Support Services,107.9,108,118.5,117.3,105.3,105.8,116.2,113,102.8,104,113.1,118.1,107,109.1,118.5,115.3,103.9,104.1,113.4,110.2,100,101.2,111.5,109.4,100.3,102.1,111,110.8,102.6,103,109.3,108.7,100.4,101.4,107.6,107.1,99.2,100.5,104.3,103.4,96.3,96.9,104,101.4,94.5,95.1,101.3,99.4,91.9,92.2,97.9,97.8,92.5,90.5,94.7,93.7,89.1,88.5,92.2,97.9,92.5,89.9,89.1,89.2,86,86.1,88.5,89,84.5,84.5,86.7,89.3,85.6,84.8,85.4,85.1,81.6,82.5,83.6,84.6,80.5,80.2,80.8,na,na,na,na,na,na,na,na,na,na,na,na,na,na,na,na,na,na,na,na,na,na,na,na,na,na,na,na,na,na,na,na,na,na,na,na,na,na,na,na,na,na,na,na,na,na,na,na,na,na,na,na,na,na,na,na,na,na,na,na,na,na,na,na,na,na,na,na,na,na,na,na,na,na,na,na,na,na,na,na,na,na,na,na,na,na,na,na,na,na,na,na,na,na,na,na,na,na,na,na,na,na,na,na,na,na,na,na,na,na,na,na,na,na,na,na,na,na,na,na
    Other Services Industries,121,116.3,131.2,128.5,118.1,113.1,128.8,123.2,113.2,108.7,125,121,107.8,102.5,120.1,117.3,102.8,100.2,117.5,109.1,99.9,97.8,116,110.7,105.8,100.1,116,114.3,103.5,98.7,114.8,111.7,100.9,96.2,112.7,106.2,98.4,94.5,110.5,104.4,95.9,91.7,108.1,102.6,94.2,88.9,103,101.1,90.4,87.8,100.1,96.5,85.9,83.3,94.7,91.5,83.5,81.5,98.4,90.1,80.5,77.2,88.6,81.9,74.2,74.6,86.6,83.7,77,74.2,87.9,84.4,74.1,73.9,77.5,81.8,71.2,67.8,76.5,79.2,69.3,66.2,75.1,77.7,69.3,66,79,73.7,68.1,65.9,76.7,75.5,69.8,65.9,75.2,73.5,70.5,64,71.8,78.3,68.3,61,64.4,72.2,63.6,59.7,64,72.8,66.8,62.7,66.4,80.5,68.7,62.1,63.9,80.5,67.9,61.7,63.3,79,66.6,59.6,60.3,83.4,65.2,58.5,58.9,76.4,61.9,55.4,56.8,74.7,60.8,54.1,54.7,73,59.3,52.8,54,70,57.1,50.1,51.2,68.5,53.8,48.6,51.5,68.1,47.5,45.4,46.4,54,45.7,46.9,47.5,54.5,46.7,47.2,49.6,57.9,53.3,49,49.3,57.2,51.8,45,45.5,52.7,48.4,43.4,43.7,53.1,42.4,41.1,40.6,44,38.8,35.2,34.8,40.3,34.1,32,32.1,37.7,32.2,29.8,30.2,34.4,29.7,29.2,29.4,34,29.4,29,29.1,33.5,29,28.3,28.7,33.2,28.5,27.7,27.6
      Public Administration & Defence,124.4,114.7,160.3,151.5,119,105.7,153.1,138.6,111.6,101.7,151.3,142.2,107.3,92.3,144.5,133.8,100.1,93.2,135.5,111.4,93.3,93.4,134.9,116.2,109.6,91.1,138.4,125.9,103.2,88.9,132.9,124.1,99.6,85.4,128,110.5,95,85.3,124.2,108.5,92.6,81.1,117.2,106.6,88.5,74.5,109.3,103.6,83.5,77.7,101.6,94.7,73.9,66.8,92.3,86.7,69.8,67.5,106.9,89.4,69.3,63.4,82,71.6,58.3,60.1,81.9,78.1,66.4,63.4,88.7,85.9,64.7,67.5,71.7,80.5,62.2,55.1,73.8,74.5,59.7,54.3,71.1,na,na,na,na,na,na,na,na,na,na,na,na,na,na,na,na,na,na,na,na,na,na,na,na,na,na,na,na,na,na,na,na,na,na,na,na,na,na,na,na,na,na,na,na,na,na,na,na,na,na,na,na,na,na,na,na,na,na,na,na,na,na,na,na,na,na,na,na,na,na,na,na,na,na,na,na,na,na,na,na,na,na,na,na,na,na,na,na,na,na,na,na,na,na,na,na,na,na,na,na,na,na,na,na,na,na,na,na,na,na,na,na,na,na,na,na,na,na,na,na
      Education,112.2,107.7,126.2,122.3,111.7,107,126.9,117.9,108.7,104.2,124.4,119.8,104.5,100.6,119.5,120,103.5,100.4,119.2,111.4,100.7,98.9,117.9,111.9,103.8,99,116.8,118.2,103.1,97.4,119.3,113.3,100,95.3,118.1,107.3,97.4,92.9,113.5,106.3,93.7,88,112.2,103.8,92.5,87.8,108.9,105.2,88.7,85.6,105.2,98.2,84.4,81.9,99.8,94.6,84.2,80.3,103.9,94,80.8,75.9,93.9,84.3,75.6,75.3,91,87.5,77.1,72.8,92.1,86.2,74.9,73.5,80.1,87.3,73.4,68.7,77.8,86.6,69.7,64.8,76.9,na,na,na,na,na,na,na,na,na,na,na,na,na,na,na,na,na,na,na,na,na,na,na,na,na,na,na,na,na,na,na,na,na,na,na,na,na,na,na,na,na,na,na,na,na,na,na,na,na,na,na,na,na,na,na,na,na,na,na,na,na,na,na,na,na,na,na,na,na,na,na,na,na,na,na,na,na,na,na,na,na,na,na,na,na,na,na,na,na,na,na,na,na,na,na,na,na,na,na,na,na,na,na,na,na,na,na,na,na,na,na,na,na,na,na,na,na,na,na,na
      Health & Social Services,129.3,124.8,121.9,124.5,124.8,123,119.5,121.9,119.3,116.9,111,110.7,110.6,110.1,106.8,106.9,105.5,105.2,107.3,108.5,104.8,101.1,105.4,109.3,107.3,106.4,106.4,107.1,104.7,105.5,103.4,105,101.4,101,101.1,102.3,99.4,98.9,99.5,99.8,99.2,100.9,100.1,101.4,97.7,98.1,95,95.2,94.1,93.3,94.5,95.2,92.6,91.7,91,88.9,86.4,85.3,88,85.5,85,83.6,86.1,81.4,79.2,78.4,82.1,76.1,77.3,75.4,78.4,74.2,73.1,71.7,72.7,70.2,68.8,68.8,70.8,69,67.8,67.5,69.4,na,na,na,na,na,na,na,na,na,na,na,na,na,na,na,na,na,na,na,na,na,na,na,na,na,na,na,na,na,na,na,na,na,na,na,na,na,na,na,na,na,na,na,na,na,na,na,na,na,na,na,na,na,na,na,na,na,na,na,na,na,na,na,na,na,na,na,na,na,na,na,na,na,na,na,na,na,na,na,na,na,na,na,na,na,na,na,na,na,na,na,na,na,na,na,na,na,na,na,na,na,na,na,na,na,na,na,na,na,na,na,na,na,na,na,na,na,na,na,na
"      Arts, Entertainment & Recreation",122.1,120.6,121.8,119.7,122.2,121.2,119.6,117.2,117.3,114.6,115.8,113.2,112.9,111.1,108.6,106,101.4,104.6,104.7,101.1,99,115.1,102.3,102.3,101,102.5,101.4,105.1,103.4,103.7,103.7,103.4,102.8,104.2,102.4,103.6,102.4,102.3,103.8,102.2,99.3,97.9,100.9,96,99.8,94.4,97.1,98.6,97.2,96.4,97.6,96,92.4,92.6,93.7,92.7,92.7,92.1,91.5,88.2,85.9,85.4,87.4,88.3,83.6,83.7,85,91.8,91.1,88.7,89.4,89.1,85,83.2,83.6,85.9,80.5,79.8,82.2,81.9,84,82.2,77.4,na,na,na,na,na,na,na,na,na,na,na,na,na,na,na,na,na,na,na,na,na,na,na,na,na,na,na,na,na,na,na,na,na,na,na,na,na,na,na,na,na,na,na,na,na,na,na,na,na,na,na,na,na,na,na,na,na,na,na,na,na,na,na,na,na,na,na,na,na,na,na,na,na,na,na,na,na,na,na,na,na,na,na,na,na,na,na,na,na,na,na,na,na,na,na,na,na,na,na,na,na,na,na,na,na,na,na,na,na,na,na,na,na,na,na,na,na,na,na,na
      Other Services - Others,114.5,114.6,116.6,117.1,113.7,113.3,114.9,114.6,110.9,110.9,112.4,112.1,108.4,107.4,108.5,110,105.7,105.6,108,108.8,105.3,105,106.9,108.3,104.2,103.4,105,107,102.4,102.1,103.8,106.3,101.9,101.4,103.4,104.9,101.1,100.5,102.5,102,97.8,98.7,101.5,101.5,96.8,96.7,97.7,98.6,93.8,94.1,96,98.1,94,93.9,94.7,96.6,92.2,92.3,93,92.7,88.7,88.1,89.7,90.4,86.9,86.9,88.3,88.6,85.3,84.4,85.4,86.1,82.2,82.1,83,83.5,79.5,79.1,79.8,82.3,78.4,79.1,81.5,na,na,na,na,na,na,na,na,na,na,na,na,na,na,na,na,na,na,na,na,na,na,na,na,na,na,na,na,na,na,na,na,na,na,na,na,na,na,na,na,na,na,na,na,na,na,na,na,na,na,na,na,na,na,na,na,na,na,na,na,na,na,na,na,na,na,na,na,na,na,na,na,na,na,na,na,na,na,na,na,na,na,na,na,na,na,na,na,na,na,na,na,na,na,na,na,na,na,na,na,na,na,na,na,na,na,na,na,na,na,na,na,na,na,na,na,na,na,na,na
  Ownership Of Dwellings,120,120.5,121.4,120.5,120.9,120.3,120.9,115.5,113.5,110.6,109.5,95.8,93.7,91.6,91.5,86.9,86.1,85.5,86.9,87.2,86.2,85.4,84.6,85.5,85.1,85.2,85.5,85.6,85.7,85.7,85.4,87.8,87.8,88.2,88.7,91.3,92.2,93.3,94.6,98.1,99.6,100.9,101.5,102.6,102.8,103,103,104,104.2,103.6,102.2,100.7,98.9,97,94.3,92.6,90.2,87,82.9,81.8,76.9,74.1,71.1,70.4,69.2,68.6,69.7,75.4,71.9,66.3,62.9,58.5,56.4,52.9,50.2,49.2,48,48.3,48,45,45.1,44.2,43.3,41.2,41,40.6,42.3,43.5,43.6,43.5,43.6,42.1,41.5,41.4,42.8,46.2,46.7,46.8,46.1,46,46,45.9,45.4,46.8,47.8,49.6,51.6,54.7,57.1,59,60.2,59.8,60.6,60.1,59.8,58.3,57.7,56.9,56.3,53.7,52.9,52.1,50.7,47.1,47.2,47.8,47.8,40.3,40.3,40.2,40.1,36.5,36.3,35.6,35,33.6,33.3,32.8,30.9,30.3,31,31.3,30.6,31,29.4,27.8,26.4,27.9,26.2,25.8,25.9,26.6,26.6,25.7,22.7,25.4,23.1,20.9,21.3,26,26.6,24.9,20.2,24.7,24.4,23.7,24,24.5,24.5,24.3,23.6,25.4,24.8,24.7,24,25,24.6,24.7,24.8,25,24.8,24.8,24.7,25.2,25.2,24.7,24.7,24.8,24.7,24.7,24.7,23.8,23.8,23.9,23.9,23.4,23.5,23.4,23.4,23.2,23.2,23,22.8
  Gross Value Added At Basic Prices,126.6,129.7,132,127.7,127.6,132.9,130.6,126.1,124.4,127.2,126.8,130.5,134.8,140.1,128.9,121.3,117.7,114.8,110,105.9,104.5,102.9,106.9,108.7,108,106.2,108.7,112.2,109.1,105.6,105.4,107.1,101.3,101.5,105,103.5,100.1,99.2,100.4,101.7,99.2,98.4,100.7,97.9,96.3,95.5,97.7,97.8,96.4,95.7,98.2,98.2,96.6,97.4,99.7,98.5,96.5,96.7,98.8,99.5,96.8,94.1,98.2,100.9,95.9,95.3,95.9,94.3,94.8,93.8,92.9,98.1,94.7,95.7,94.3,93.2,91.4,90.8,90.2,91.4,89.1,88.1,89.6,89.8,88,85.2,87,84.5,82.2,82.1,86.6,86.1,84.5,84.6,86.6,85.6,85,85,87.1,90.2,87.4,84.6,84.3,86.5,83.6,83.6,82.9,86.6,87.6,87.8,90.2,91.2,88,87.1,87.7,90,86.7,86.5,87,88.5,85.3,85.1,84.9,86.4,83.1,82.1,82,84.2,81.5,80.4,80.6,81.8,79.4,78.2,78.3,80.9,79.4,77.9,77.4,78.1,76,74.3,73.6,74.9,72.5,70.3,69.2,72.1,69.7,68,67,67.9,66.1,65.3,64.6,67.1,65.5,65.4,65.6,65.8,66.6,66.7,67.4,68.8,68,66.9,66.6,67.7,68.2,67.2,65.7,67.2,65.2,63.8,64.8,64.3,63.1,60.9,61,60.2,59.2,58.1,58.2,54.6,53.8,51.9,51.2,51,50,49.7,50.5,49.1,48.4,47.8,48.2,48.4,47.5,47,46.9,48,46.7,46.2,46
  Add: Taxes On Products,139.9,152,148.1,144.7,139.8,150.6,141,128.2,133.3,126.8,128.6,120.8,125.4,124.1,115.2,112.5,114.6,111,100,91,90.6,86.9,88.3,87.2,91.6,88,84.8,91.7,88.8,93.2,94.1,99.7,102,97.3,94.6,95.3,97,91.4,102.3,92.6,103.3,103.1,101.9,100.5,101.6,101.6,94.7,104.7,99.4,103.4,98.9,100.1,91.4,97.4,82.9,93.2,88.9,91.2,88.7,82.1,84.1,81.2,70.6,72.6,66.9,62.6,56.6,62.3,70.1,69,67.1,70.8,68.4,58.5,51.7,50.4,44.4,47.6,45.6,50.3,45.3,48.6,50.7,55.2,52,49.3,52.3,52.2,54.1,59.5,53,52.8,51.8,57.7,55,55.7,60.3,66.8,61.7,67.5,70.4,72.7,64.2,58,66.3,63,46.6,47,55.7,59.9,49.3,54.4,64.1,69.2,56.2,57.8,61.7,61.7,60,57.8,62.9,63.1,67,56.4,66.1,57.8,56.8,45.2,48.4,46.5,47,40.4,41,41.9,39.8,38.5,35.1,33.2,33.4,34,30.7,32.8,37.2,33.8,33.3,30,44.3,31.4,32,27.6,33.7,26.5,27.5,23.3,27.5,23.8,23.2,21.7,26.5,24.3,27.1,25,26,26.4,26.8,25.4,25.4,25.4,24.7,23.8,24.3,23.1,22.3,21.7,22.2,21.8,22,21.8,22.2,21.1,20.8,20.5,19.9,19.1,19.4,19.2,19.5,18.8,18.8,18.3,17.9,17.6,17.4,17,17.2,16.7,16.6,16.5,16.4,15.7,15.8,15.7,15.5
,,,,,,,,,,,,,,,,,,,,,,,,,,,,,,,,,,,,,,,,,,,,,,,,,,,,,,,,,,,,,,,,,,,,,,,,,,,,,,,,,,,,,,,,,,,,,,,,,,,,,,,,,,,,,,,,,,,,,,,,,,,,,,,,,,,,,,,,,,,,,,,,,,,,,,,,,,,,,,,,,,,,,,,,,,,,,,,,,,,,,,,,,,,,,,,,,,,,,,,,,,,
Definitions and Footnotes:,,,,,,,,,,,,,,,,,,,,,,,,,,,,,,,,,,,,,,,,,,,,,,,,,,,,,,,,,,,,,,,,,,,,,,,,,,,,,,,,,,,,,,,,,,,,,,,,,,,,,,,,,,,,,,,,,,,,,,,,,,,,,,,,,,,,,,,,,,,,,,,,,,,,,,,,,,,,,,,,,,,,,,,,,,,,,,,,,,,,,,,,,,,,,,,,,,,,,,,,,,,
"For more information on national accounts methodologies, please visit Singstat website (www.singstat.gov.sg/find-data/search-by-theme/economy/national-accounts/publications-and-methodology) to view and download related publications.",,,,,,,,,,,,,,,,,,,,,,,,,,,,,,,,,,,,,,,,,,,,,,,,,,,,,,,,,,,,,,,,,,,,,,,,,,,,,,,,,,,,,,,,,,,,,,,,,,,,,,,,,,,,,,,,,,,,,,,,,,,,,,,,,,,,,,,,,,,,,,,,,,,,,,,,,,,,,,,,,,,,,,,,,,,,,,,,,,,,,,,,,,,,,,,,,,,,,,,,,,,
GDP -> Goods Producing Industries -> Other Goods Industries (Index):,,,,,,,,,,,,,,,,,,,,,,,,,,,,,,,,,,,,,,,,,,,,,,,,,,,,,,,,,,,,,,,,,,,,,,,,,,,,,,,,,,,,,,,,,,,,,,,,,,,,,,,,,,,,,,,,,,,,,,,,,,,,,,,,,,,,,,,,,,,,,,,,,,,,,,,,,,,,,,,,,,,,,,,,,,,,,,,,,,,,,,,,,,,,,,,,,,,,,,,,,,,
"Other goods industries comprise agriculture, fishing and quarrying.",,,,,,,,,,,,,,,,,,,,,,,,,,,,,,,,,,,,,,,,,,,,,,,,,,,,,,,,,,,,,,,,,,,,,,,,,,,,,,,,,,,,,,,,,,,,,,,,,,,,,,,,,,,,,,,,,,,,,,,,,,,,,,,,,,,,,,,,,,,,,,,,,,,,,,,,,,,,,,,,,,,,,,,,,,,,,,,,,,,,,,,,,,,,,,,,,,,,,,,,,,,
GDP -> Services Producing Industries -> Other Services Industries -> Other Services - Others (Index):,,,,,,,,,,,,,,,,,,,,,,,,,,,,,,,,,,,,,,,,,,,,,,,,,,,,,,,,,,,,,,,,,,,,,,,,,,,,,,,,,,,,,,,,,,,,,,,,,,,,,,,,,,,,,,,,,,,,,,,,,,,,,,,,,,,,,,,,,,,,,,,,,,,,,,,,,,,,,,,,,,,,,,,,,,,,,,,,,,,,,,,,,,,,,,,,,,,,,,,,,,,
"Comprise Activities of membership organisations, Repair of computers, personal, household goods & vehicles, Other personal services and Activities of households as employers of domestic personnel.",,,,,,,,,,,,,,,,,,,,,,,,,,,,,,,,,,,,,,,,,,,,,,,,,,,,,,,,,,,,,,,,,,,,,,,,,,,,,,,,,,,,,,,,,,,,,,,,,,,,,,,,,,,,,,,,,,,,,,,,,,,,,,,,,,,,,,,,,,,,,,,,,,,,,,,,,,,,,,,,,,,,,,,,,,,,,,,,,,,,,,,,,,,,,,,,,,,,,,,,,,,
,,,,,,,,,,,,,,,,,,,,,,,,,,,,,,,,,,,,,,,,,,,,,,,,,,,,,,,,,,,,,,,,,,,,,,,,,,,,,,,,,,,,,,,,,,,,,,,,,,,,,,,,,,,,,,,,,,,,,,,,,,,,,,,,,,,,,,,,,,,,,,,,,,,,,,,,,,,,,,,,,,,,,,,,,,,,,,,,,,,,,,,,,,,,,,,,,,,,,,,,,,,
Basic Price:,,,,,,,,,,,,,,,,,,,,,,,,,,,,,,,,,,,,,,,,,,,,,,,,,,,,,,,,,,,,,,,,,,,,,,,,,,,,,,,,,,,,,,,,,,,,,,,,,,,,,,,,,,,,,,,,,,,,,,,,,,,,,,,,,,,,,,,,,,,,,,,,,,,,,,,,,,,,,,,,,,,,,,,,,,,,,,,,,,,,,,,,,,,,,,,,,,,,,,,,,,,
"The amount receivable by the producer from the purchaser for a unit of a good or service produced as output minus any tax payable, and plus any subsidy receivable, on that unit as a consequence of its production or sale; it excludes any transport charges invoiced separately by the producer.",,,,,,,,,,,,,,,,,,,,,,,,,,,,,,,,,,,,,,,,,,,,,,,,,,,,,,,,,,,,,,,,,,,,,,,,,,,,,,,,,,,,,,,,,,,,,,,,,,,,,,,,,,,,,,,,,,,,,,,,,,,,,,,,,,,,,,,,,,,,,,,,,,,,,,,,,,,,,,,,,,,,,,,,,,,,,,,,,,,,,,,,,,,,,,,,,,,,,,,,,,,
Gross Domestic Product:,,,,,,,,,,,,,,,,,,,,,,,,,,,,,,,,,,,,,,,,,,,,,,,,,,,,,,,,,,,,,,,,,,,,,,,,,,,,,,,,,,,,,,,,,,,,,,,,,,,,,,,,,,,,,,,,,,,,,,,,,,,,,,,,,,,,,,,,,,,,,,,,,,,,,,,,,,,,,,,,,,,,,,,,,,,,,,,,,,,,,,,,,,,,,,,,,,,,,,,,,,,
"Aggregate value of the goods and services produced in the economic territory of Singapore. The GDP estimates are compiled based on the output (or production), expenditure and income approaches. See Output-based GDP, Expenditure-based GDP and Income-based GDP.",,,,,,,,,,,,,,,,,,,,,,,,,,,,,,,,,,,,,,,,,,,,,,,,,,,,,,,,,,,,,,,,,,,,,,,,,,,,,,,,,,,,,,,,,,,,,,,,,,,,,,,,,,,,,,,,,,,,,,,,,,,,,,,,,,,,,,,,,,,,,,,,,,,,,,,,,,,,,,,,,,,,,,,,,,,,,,,,,,,,,,,,,,,,,,,,,,,,,,,,,,,
Gross Domestic Product Deflators:,,,,,,,,,,,,,,,,,,,,,,,,,,,,,,,,,,,,,,,,,,,,,,,,,,,,,,,,,,,,,,,,,,,,,,,,,,,,,,,,,,,,,,,,,,,,,,,,,,,,,,,,,,,,,,,,,,,,,,,,,,,,,,,,,,,,,,,,,,,,,,,,,,,,,,,,,,,,,,,,,,,,,,,,,,,,,,,,,,,,,,,,,,,,,,,,,,,,,,,,,,,
"A broad measure of the change in the overall level of prices of the goods and services that make up GDP. The deflators are derived as the ratio of the nominal value of a component of GDP to its corresponding real value, with the reference year index set at 100.",,,,,,,,,,,,,,,,,,,,,,,,,,,,,,,,,,,,,,,,,,,,,,,,,,,,,,,,,,,,,,,,,,,,,,,,,,,,,,,,,,,,,,,,,,,,,,,,,,,,,,,,,,,,,,,,,,,,,,,,,,,,,,,,,,,,,,,,,,,,,,,,,,,,,,,,,,,,,,,,,,,,,,,,,,,,,,,,,,,,,,,,,,,,,,,,,,,,,,,,,,,
Taxes on Products:,,,,,,,,,,,,,,,,,,,,,,,,,,,,,,,,,,,,,,,,,,,,,,,,,,,,,,,,,,,,,,,,,,,,,,,,,,,,,,,,,,,,,,,,,,,,,,,,,,,,,,,,,,,,,,,,,,,,,,,,,,,,,,,,,,,,,,,,,,,,,,,,,,,,,,,,,,,,,,,,,,,,,,,,,,,,,,,,,,,,,,,,,,,,,,,,,,,,,,,,,,,
"Refers to taxes payable per unit of good and services when they are produced, delivered, sold, transferred or otherwise disposed of by their producers.",,,,,,,,,,,,,,,,,,,,,,,,,,,,,,,,,,,,,,,,,,,,,,,,,,,,,,,,,,,,,,,,,,,,,,,,,,,,,,,,,,,,,,,,,,,,,,,,,,,,,,,,,,,,,,,,,,,,,,,,,,,,,,,,,,,,,,,,,,,,,,,,,,,,,,,,,,,,,,,,,,,,,,,,,,,,,,,,,,,,,,,,,,,,,,,,,,,,,,,,,,,
Value Added:,,,,,,,,,,,,,,,,,,,,,,,,,,,,,,,,,,,,,,,,,,,,,,,,,,,,,,,,,,,,,,,,,,,,,,,,,,,,,,,,,,,,,,,,,,,,,,,,,,,,,,,,,,,,,,,,,,,,,,,,,,,,,,,,,,,,,,,,,,,,,,,,,,,,,,,,,,,,,,,,,,,,,,,,,,,,,,,,,,,,,,,,,,,,,,,,,,,,,,,,,,,
"Gross value added is derived by the output or income approach. 
The output approach measures value added as output less intermediate consumption. Output refers to the value of goods and services produced  while intermediate consumption is value of goods and services consumed as inputs by a process of production, e.g. materials, utilities, fuel, rental paid for premises and equipment, banking and financial charges and other operating costs.
The income approach derives value added as the sum of incomes generated from the domestic production of goods and services, which comprise gross operating surplus, remuneration and taxes (less subsidies) on production. ",,,,,,,,,,,,,,,,,,,,,,,,,,,,,,,,,,,,,,,,,,,,,,,,,,,,,,,,,,,,,,,,,,,,,,,,,,,,,,,,,,,,,,,,,,,,,,,,,,,,,,,,,,,,,,,,,,,,,,,,,,,,,,,,,,,,,,,,,,,,,,,,,,,,,,,,,,,,,,,,,,,,,,,,,,,,,,,,,,,,,,,,,,,,,,,,,,,,,,,,,,,
,,,,,,,,,,,,,,,,,,,,,,,,,,,,,,,,,,,,,,,,,,,,,,,,,,,,,,,,,,,,,,,,,,,,,,,,,,,,,,,,,,,,,,,,,,,,,,,,,,,,,,,,,,,,,,,,,,,,,,,,,,,,,,,,,,,,,,,,,,,,,,,,,,,,,,,,,,,,,,,,,,,,,,,,,,,,,,,,,,,,,,,,,,,,,,,,,,,,,,,,,,,
Notation:,,,,,,,,,,,,,,,,,,,,,,,,,,,,,,,,,,,,,,,,,,,,,,,,,,,,,,,,,,,,,,,,,,,,,,,,,,,,,,,,,,,,,,,,,,,,,,,,,,,,,,,,,,,,,,,,,,,,,,,,,,,,,,,,,,,,,,,,,,,,,,,,,,,,,,,,,,,,,,,,,,,,,,,,,,,,,,,,,,,,,,,,,,,,,,,,,,,,,,,,,,,
na   not available or not applicable,,,,,,,,,,,,,,,,,,,,,,,,,,,,,,,,,,,,,,,,,,,,,,,,,,,,,,,,,,,,,,,,,,,,,,,,,,,,,,,,,,,,,,,,,,,,,,,,,,,,,,,,,,,,,,,,,,,,,,,,,,,,,,,,,,,,,,,,,,,,,,,,,,,,,,,,,,,,,,,,,,,,,,,,,,,,,,,,,,,,,,,,,,,,,,,,,,,,,,,,,,,
nec  not elsewhere classified,,,,,,,,,,,,,,,,,,,,,,,,,,,,,,,,,,,,,,,,,,,,,,,,,,,,,,,,,,,,,,,,,,,,,,,,,,,,,,,,,,,,,,,,,,,,,,,,,,,,,,,,,,,,,,,,,,,,,,,,,,,,,,,,,,,,,,,,,,,,,,,,,,,,,,,,,,,,,,,,,,,,,,,,,,,,,,,,,,,,,,,,,,,,,,,,,,,,,,,,,,,
nes  not elsewhere specified,,,,,,,,,,,,,,,,,,,,,,,,,,,,,,,,,,,,,,,,,,,,,,,,,,,,,,,,,,,,,,,,,,,,,,,,,,,,,,,,,,,,,,,,,,,,,,,,,,,,,,,,,,,,,,,,,,,,,,,,,,,,,,,,,,,,,,,,,,,,,,,,,,,,,,,,,,,,,,,,,,,,,,,,,,,,,,,,,,,,,,,,,,,,,,,,,,,,,,,,,,,
 -     nil or negligible or not significant,,,,,,,,,,,,,,,,,,,,,,,,,,,,,,,,,,,,,,,,,,,,,,,,,,,,,,,,,,,,,,,,,,,,,,,,,,,,,,,,,,,,,,,,,,,,,,,,,,,,,,,,,,,,,,,,,,,,,,,,,,,,,,,,,,,,,,,,,,,,,,,,,,,,,,,,,,,,,,,,,,,,,,,,,,,,,,,,,,,,,,,,,,,,,,,,,,,,,,,,,,,
Notes,,,,,,,,,,,,,,,,,,,,,,,,,,,,,,,,,,,,,,,,,,,,,,,,,,,,,,,,,,,,,,,,,,,,,,,,,,,,,,,,,,,,,,,,,,,,,,,,,,,,,,,,,,,,,,,,,,,,,,,,,,,,,,,,,,,,,,,,,,,,,,,,,,,,,,,,,,,,,,,,,,,,,,,,,,,,,,,,,,,,,,,,,,,,,,,,,,,,,,,,,,,
Numbers may not add up to the totals due to rounding.,,,,,,,,,,,,,,,,,,,,,,,,,,,,,,,,,,,,,,,,,,,,,,,,,,,,,,,,,,,,,,,,,,,,,,,,,,,,,,,,,,,,,,,,,,,,,,,,,,,,,,,,,,,,,,,,,,,,,,,,,,,,,,,,,,,,,,,,,,,,,,,,,,,,,,,,,,,,,,,,,,,,,,,,,,,,,,,,,,,,,,,,,,,,,,,,,,,,,,,,,,,
"Data are the latest available at the time of access or download. Some statistics, particularly those for the most recent time periods, are provisional and may be subject to revision at a later date.",,,,,,,,,,,,,,,,,,,,,,,,,,,,,,,,,,,,,,,,,,,,,,,,,,,,,,,,,,,,,,,,,,,,,,,,,,,,,,,,,,,,,,,,,,,,,,,,,,,,,,,,,,,,,,,,,,,,,,,,,,,,,,,,,,,,,,,,,,,,,,,,,,,,,,,,,,,,,,,,,,,,,,,,,,,,,,,,,,,,,,,,,,,,,,,,,,,,,,,,,,,
Values are shown in Singapore dollars (unless otherwise specified).,,,,,,,,,,,,,,,,,,,,,,,,,,,,,,,,,,,,,,,,,,,,,,,,,,,,,,,,,,,,,,,,,,,,,,,,,,,,,,,,,,,,,,,,,,,,,,,,,,,,,,,,,,,,,,,,,,,,,,,,,,,,,,,,,,,,,,,,,,,,,,,,,,,,,,,,,,,,,,,,,,,,,,,,,,,,,,,,,,,,,,,,,,,,,,,,,,,,,,,,,,,
,,,,,,,,,,,,,,,,,,,,,,,,,,,,,,,,,,,,,,,,,,,,,,,,,,,,,,,,,,,,,,,,,,,,,,,,,,,,,,,,,,,,,,,,,,,,,,,,,,,,,,,,,,,,,,,,,,,,,,,,,,,,,,,,,,,,,,,,,,,,,,,,,,,,,,,,,,,,,,,,,,,,,,,,,,,,,,,,,,,,,,,,,,,,,,,,,,,,,,,,,,,
Generated by: SingStat Table Builder,,,,,,,,,,,,,,,,,,,,,,,,,,,,,,,,,,,,,,,,,,,,,,,,,,,,,,,,,,,,,,,,,,,,,,,,,,,,,,,,,,,,,,,,,,,,,,,,,,,,,,,,,,,,,,,,,,,,,,,,,,,,,,,,,,,,,,,,,,,,,,,,,,,,,,,,,,,,,,,,,,,,,,,,,,,,,,,,,,,,,,,,,,,,,,,,,,,,,,,,,,,
Date generated: 04/01/2026,,,,,,,,,,,,,,,,,,,,,,,,,,,,,,,,,,,,,,,,,,,,,,,,,,,,,,,,,,,,,,,,,,,,,,,,,,,,,,,,,,,,,,,,,,,,,,,,,,,,,,,,,,,,,,,,,,,,,,,,,,,,,,,,,,,,,,,,,,,,,,,,,,,,,,,,,,,,,,,,,,,,,,,,,,,,,,,,,,,,,,,,,,,,,,,,,,,,,,,,,,,
Contact: info@singstat.gov.sg,,,,,,,,,,,,,,,,,,,,,,,,,,,,,,,,,,,,,,,,,,,,,,,,,,,,,,,,,,,,,,,,,,,,,,,,,,,,,,,,,,,,,,,,,,,,,,,,,,,,,,,,,,,,,,,,,,,,,,,,,,,,,,,,,,,,,,,,,,,,,,,,,,,,,,,,,,,,,,,,,,,,,,,,,,,,,,,,,,,,,,,,,,,,,,,,,,,,,,,,,,,